# Cotisants de chaque régime, observés puis projetés
# source_id: cor_regimes
# unite: personnes
# fiabilite:
#   haute (2010-2070) : effectifs publiés par le COR dans les
#             compléments de son rapport annuel, et recontrôlés par
#             scripts/verifier_donnees.py contre son classeur.
#
# À QUOI CETTE SÉRIE SERT
# ------------------------
# À PONDÉRER les cas types du côté de la RECETTE. La page « Coût »
# fait réagir la recette du système 4 par un rapport de cotisations
# calculé sur la grille des cas types ; chaque cas type y pesait
# jusqu'ici le nombre de RETRAITÉS de sa caisse, faute d'une série
# de cotisants, ce qui surreprésentait les régimes qui s'éteignent.
# Cette série donne les cotisants, et les projette : la SNCF n'en a
# plus aucun en 2070, la CNIEG cinquante et un.
#
# CE QU'IL FAUT SAVOIR AVANT DE S'EN SERVIR
# ------------------------------------------
# 1. LE MILLÉSIME. Ces effectifs viennent des compléments du rapport
#    de JUIN 2024, seul millésime publié : ni 2025 ni 2026 ne les
#    ont reconduits. Le reste du dépôt tourne sur le COR 2026.
# 2. L'ANNÉE DE DÉPART VARIE d'une caisse à l'autre : 2010 le plus
#    souvent, 2015 pour la fonction publique d'État, 2019 pour le
#    RCI, 2023 pour la CNRACL. Hors de la fenêtre de chaque caisse,
#    la valeur de bord est reconduite au niveau « estimée ».
# 3. UN COTISANT DE CAISSE N'EST PAS UNE PERSONNE : un polyaffilié
#    compte dans chacune de ses caisses. Les poids qu'on en tire sont
#    RELATIFS, comme ceux des retraités.
# 4. LA FONCTION PUBLIQUE D'ÉTAT EST D'UN SEUL TENANT, civils et
#    militaires confondus. Le partage entre les deux cas types qui
#    la réclament est une décision du modèle, écrite dans
#    donnees/cotisants.py.
#
# Ne pas modifier ces valeurs à la main : elles seraient écrasées
# au prochain scripts/verifier_donnees.py --appliquer.
annee,caisse,cotisants,fiabilite
2010,banque_de_france,12997,haute
2010,cnav,18929468,haute
2010,cnavpl,625430,haute
2010,cnieg,139624,haute
2010,crpcen,42633,haute
2010,crpnpac,31493,haute
2010,enim,32826,haute
2010,erafp,4668504,haute
2010,ircantec,2772091,haute
2010,msa_exploitants,550357,haute
2010,sncf,154554,haute
2011,banque_de_france,12619,haute
2011,cnav,19107884,haute
2011,cnavpl,691328,haute
2011,cnieg,140273,haute
2011,crpcen,42975,haute
2011,crpnpac,32020,haute
2011,enim,32192,haute
2011,erafp,4596948,haute
2011,ircantec,2800761,haute
2011,msa_exploitants,531127,haute
2011,ratp,43349,haute
2011,sncf,152115,haute
2012,banque_de_france,12301,haute
2012,cnav,19123623,haute
2012,cnavpl,802440,haute
2012,cnieg,142271,haute
2012,crpcen,44746,haute
2012,crpnpac,31553,haute
2012,enim,31680,haute
2012,erafp,4684470,haute
2012,ircantec,2792688,haute
2012,msa_exploitants,522619,haute
2012,ratp,42842,haute
2012,sncf,151033,haute
2013,banque_de_france,12011,haute
2013,cnav,19029722,haute
2013,cnavpl,879802,haute
2013,cnieg,144505,haute
2013,crpcen,45517,haute
2013,crpnpac,30441,haute
2013,enim,31190,haute
2013,erafp,4764819,haute
2013,ircantec,2864929,haute
2013,msa_exploitants,514826,haute
2013,ratp,42482,haute
2013,sncf,149323,haute
2014,banque_de_france,11677,haute
2014,cnav,19373820,haute
2014,cnavpl,925696,haute
2014,cnieg,145719,haute
2014,crpcen,44696,haute
2014,crpnpac,30169,haute
2014,enim,30714,haute
2014,erafp,4779403,haute
2014,ircantec,3002171,haute
2014,msa_exploitants,506018,haute
2014,ratp,42460,haute
2014,sncf,147303,haute
2015,banque_de_france,11294,haute
2015,canssm,2236,haute
2015,cnav,19434192,haute
2015,cnavpl,950387,haute
2015,cnieg,145855,haute
2015,crpcen,44332,haute
2015,crpnpac,30050,haute
2015,enim,30464,haute
2015,erafp,4822674,haute
2015,fonction_publique_etat,2120190,haute
2015,ircantec,2909326,haute
2015,msa_exploitants,496716,haute
2015,msa_salaries,692660,haute
2015,ratp,42469,haute
2015,sncf,144328,haute
2016,banque_de_france,11192,haute
2016,canssm,1905,haute
2016,cnav,19743768,haute
2016,cnavpl,967421,haute
2016,cnieg,143722,haute
2016,crpcen,44701,haute
2016,crpnpac,30379,haute
2016,enim,32577,haute
2016,erafp,4836077,haute
2016,fonction_publique_etat,2126440,haute
2016,ircantec,2930180,haute
2016,msa_exploitants,488318,haute
2016,msa_salaries,686382,haute
2016,ratp,42504,haute
2016,sncf,140913,haute
2017,agirc_arrco,18625000,haute
2017,banque_de_france,10210,haute
2017,canssm,1675,haute
2017,cnav,20104298,haute
2017,cnavpl,995630,haute
2017,cnieg,140804,haute
2017,crpcen,44610,haute
2017,crpnpac,32063,haute
2017,enim,32478,haute
2017,erafp,4849368,haute
2017,fonction_publique_etat,2116137,haute
2017,ircantec,2940430,haute
2017,msa_exploitants,480462,haute
2017,msa_salaries,691728,haute
2017,ratp,42572,haute
2017,sncf,137720,haute
2018,agirc_arrco,18880000,haute
2018,banque_de_france,9552,haute
2018,canssm,1455,haute
2018,cnav,20391151,haute
2018,cnavpl,1016152,haute
2018,cnieg,138844,haute
2018,crpcen,46090,haute
2018,crpnpac,33680,haute
2018,enim,32039,haute
2018,erafp,4881100,haute
2018,fonction_publique_etat,2097743,haute
2018,ircantec,2916894,haute
2018,msa_exploitants,469685,haute
2018,msa_salaries,697262,haute
2018,ratp,42638,haute
2018,sncf,134798,haute
2019,agirc_arrco,19080000,haute
2019,banque_de_france,8684,haute
2019,canssm,1274,haute
2019,cnav,20729438,haute
2019,cnavpl,980133,haute
2019,cnieg,137270,haute
2019,crpcen,48745,haute
2019,crpnpac,35175,haute
2019,enim,31770,haute
2019,erafp,4901950,haute
2019,fonction_publique_etat,2079985,haute
2019,ircantec,2913552,haute
2019,msa_exploitants,460336,haute
2019,msa_salaries,717752,haute
2019,ratp,42685,haute
2019,rci_complementaire,1502297,haute
2019,sncf,130910,haute
2020,agirc_arrco,19035000,haute
2020,banque_de_france,8086,haute
2020,canssm,1142,haute
2020,cnav,20661315,haute
2020,cnavpl,957784,haute
2020,cnieg,136077,haute
2020,crpcen,52157,haute
2020,crpnpac,33668,haute
2020,enim,29924,haute
2020,erafp,4928728,haute
2020,fonction_publique_etat,2069227,haute
2020,ircantec,2969137,haute
2020,msa_exploitants,452102,haute
2020,msa_salaries,699687,haute
2020,ratp,42624,haute
2020,rci_complementaire,1547965,haute
2020,sncf,126557,haute
2021,agirc_arrco,19220000,haute
2021,banque_de_france,7643,haute
2021,canssm,1026,haute
2021,cnav,21309183,haute
2021,cnavpl,978776,haute
2021,cnieg,135514,haute
2021,crpcen,54765,haute
2021,crpnpac,31652,haute
2021,enim,29240,haute
2021,erafp,4964858,haute
2021,fonction_publique_etat,2059147,haute
2021,ircantec,3035994,haute
2021,msa_exploitants,445511,haute
2021,msa_salaries,729900,haute
2021,ratp,41858,haute
2021,rci_complementaire,1661688,haute
2021,sncf,121788,haute
2022,agirc_arrco,19740000,haute
2022,banque_de_france,7247,haute
2022,canssm,916,haute
2022,cnav,22031775,haute
2022,cnavpl,992368,haute
2022,cnieg,135888,haute
2022,crpcen,57503,haute
2022,crpnpac,32633,haute
2022,enim,30233,haute
2022,erafp,4987734,haute
2022,fonction_publique_etat,2051012,haute
2022,ircantec,3183328,haute
2022,msa_exploitants,438542,haute
2022,msa_salaries,753643,haute
2022,ratp,40846,haute
2022,rci_complementaire,1669913,haute
2022,sncf,116989,haute
2023,agirc_arrco,20043982,haute
2023,banque_de_france,6899,haute
2023,canssm,828,haute
2023,cnav,22257775,haute
2023,cnavpl,980098,haute
2023,cnbf,73823,haute
2023,cnieg,136287,haute
2023,cnracl,2168137,haute
2023,crpcen,60378,haute
2023,crpnpac,34668,haute
2023,enim,30169,haute
2023,erafp,4982497,haute
2023,fonction_publique_etat,2041199,haute
2023,ircantec,3169028,haute
2023,msa_exploitants,432402,haute
2023,msa_salaries,770965,haute
2023,ratp,40188,haute
2023,rci_complementaire,1707103,haute
2023,sncf,112232,haute
2024,agirc_arrco,20196422,haute
2024,banque_de_france,6665,haute
2024,canssm,765,haute
2024,cnav,22410157,haute
2024,cnavpl,936708,haute
2024,cnbf,73497,haute
2024,cnieg,134057,haute
2024,cnracl,2194281,haute
2024,crpcen,71544,haute
2024,crpnpac,35654,haute
2024,enim,29825,haute
2024,erafp,4980800,haute
2024,fonction_publique_etat,2035575,haute
2024,fspoeie,17,haute
2024,ircantec,3170319,haute
2024,msa_exploitants,425916,haute
2024,msa_salaries,783816,haute
2024,ratp,39334,haute
2024,rci_complementaire,1745428,haute
2024,sncf,107988,haute
2025,agirc_arrco,20291398,haute
2025,banque_de_france,6214,haute
2025,canssm,718,haute
2025,cnav,22534812,haute
2025,cnavpl,886999,haute
2025,cnbf,73272,haute
2025,cnieg,130721,haute
2025,cnracl,2197537,haute
2025,crpcen,69216,haute
2025,crpnpac,36550,haute
2025,enim,29395,haute
2025,erafp,4992165,haute
2025,fonction_publique_etat,2025251,haute
2025,fspoeie,17,haute
2025,ircantec,3176270,haute
2025,msa_exploitants,419527,haute
2025,msa_salaries,791358,haute
2025,ratp,32597,haute
2025,rci_complementaire,1783474,haute
2025,sncf,103805,haute
2026,agirc_arrco,20501524,haute
2026,banque_de_france,5860,haute
2026,canssm,667,haute
2026,cnav,22826021,haute
2026,cnavpl,843892,haute
2026,cnbf,73137,haute
2026,cnieg,127569,haute
2026,cnracl,2198174,haute
2026,crpcen,64403,haute
2026,crpnpac,37553,haute
2026,enim,28847,haute
2026,erafp,4988952,haute
2026,fonction_publique_etat,2016722,haute
2026,fspoeie,16,haute
2026,ircantec,3181312,haute
2026,msa_exploitants,414073,haute
2026,msa_salaries,799071,haute
2026,ratp,23580,haute
2026,rci_complementaire,1817037,haute
2026,sncf,99705,haute
2027,agirc_arrco,20809600,haute
2027,banque_de_france,5552,haute
2027,canssm,618,haute
2027,cnav,23330886,haute
2027,cnavpl,810392,haute
2027,cnbf,73063,haute
2027,cnieg,124661,haute
2027,cnracl,2199163,haute
2027,crpcen,60477,haute
2027,crpnpac,38661,haute
2027,enim,28199,haute
2027,erafp,4985279,haute
2027,fonction_publique_etat,2010803,haute
2027,fspoeie,15,haute
2027,ircantec,3186905,haute
2027,msa_exploitants,408276,haute
2027,msa_salaries,806958,haute
2027,ratp,22821,haute
2027,rci_complementaire,1845411,haute
2027,sncf,95414,haute
2028,agirc_arrco,21095510,haute
2028,banque_de_france,5317,haute
2028,canssm,565,haute
2028,cnav,23418851,haute
2028,cnavpl,784982,haute
2028,cnbf,73073,haute
2028,cnieg,121773,haute
2028,cnracl,2199167,haute
2028,crpcen,56768,haute
2028,crpnpac,39947,haute
2028,enim,28041,haute
2028,erafp,4982016,haute
2028,fonction_publique_etat,2005292,haute
2028,fspoeie,14,haute
2028,ircantec,3189175,haute
2028,msa_exploitants,402838,haute
2028,msa_salaries,812086,haute
2028,ratp,22020,haute
2028,rci_complementaire,1855257,haute
2028,sncf,92804,haute
2029,agirc_arrco,21258722,haute
2029,banque_de_france,5100,haute
2029,canssm,514,haute
2029,cnav,23488152,haute
2029,cnavpl,765825,haute
2029,cnbf,73109,haute
2029,cnieg,118915,haute
2029,cnracl,2199307,haute
2029,crpcen,53382,haute
2029,crpnpac,41370,haute
2029,enim,27845,haute
2029,erafp,4978066,haute
2029,fonction_publique_etat,2000811,haute
2029,fspoeie,13,haute
2029,ircantec,3189780,haute
2029,msa_exploitants,397516,haute
2029,msa_salaries,814666,haute
2029,ratp,21245,haute
2029,rci_complementaire,1865103,haute
2029,sncf,90179,haute
2030,agirc_arrco,21381065,haute
2030,banque_de_france,4851,haute
2030,canssm,463,haute
2030,cnav,23691741,haute
2030,cnavpl,750696,haute
2030,cnbf,73197,haute
2030,cnieg,116068,haute
2030,cnracl,2199459,haute
2030,crpcen,50050,haute
2030,crpnpac,43727,haute
2030,enim,27633,haute
2030,erafp,4975002,haute
2030,fonction_publique_etat,1996581,haute
2030,fspoeie,12,haute
2030,ircantec,3189902,haute
2030,msa_exploitants,392497,haute
2030,msa_salaries,815960,haute
2030,ratp,20534,haute
2030,rci_complementaire,1874948,haute
2030,sncf,87414,haute
2031,agirc_arrco,21509622,haute
2031,banque_de_france,4590,haute
2031,canssm,416,haute
2031,cnav,23877384,haute
2031,cnavpl,738821,haute
2031,cnbf,73259,haute
2031,cnieg,113277,haute
2031,cnracl,2199650,haute
2031,crpcen,46694,haute
2031,crpnpac,46564,haute
2031,enim,27463,haute
2031,erafp,4972687,haute
2031,fonction_publique_etat,1992868,haute
2031,fspoeie,11,haute
2031,ircantec,3189067,haute
2031,msa_exploitants,387656,haute
2031,msa_salaries,817256,haute
2031,ratp,19832,haute
2031,rci_complementaire,1884794,haute
2031,sncf,84598,haute
2032,agirc_arrco,21639143,haute
2032,banque_de_france,4283,haute
2032,canssm,371,haute
2032,cnav,23973996,haute
2032,cnavpl,729671,haute
2032,cnbf,73383,haute
2032,cnieg,110459,haute
2032,cnracl,2200194,haute
2032,crpcen,43486,haute
2032,crpnpac,49718,haute
2032,enim,27289,haute
2032,erafp,4970977,haute
2032,fonction_publique_etat,1989363,haute
2032,fspoeie,10,haute
2032,ircantec,3188252,haute
2032,msa_exploitants,382879,haute
2032,msa_salaries,818554,haute
2032,ratp,19084,haute
2032,rci_complementaire,1894640,haute
2032,sncf,81032,haute
2033,agirc_arrco,21732568,haute
2033,banque_de_france,3966,haute
2033,canssm,329,haute
2033,cnav,23941719,haute
2033,cnavpl,722640,haute
2033,cnbf,73450,haute
2033,cnieg,107541,haute
2033,cnracl,2200236,haute
2033,crpcen,40600,haute
2033,crpnpac,53126,haute
2033,enim,27115,haute
2033,erafp,4969563,haute
2033,fonction_publique_etat,1986648,haute
2033,fspoeie,9,haute
2033,ircantec,3187414,haute
2033,msa_exploitants,378370,haute
2033,msa_salaries,819854,haute
2033,ratp,18308,haute
2033,rci_complementaire,1897883,haute
2033,sncf,77362,haute
2034,agirc_arrco,21783596,haute
2034,banque_de_france,3693,haute
2034,canssm,287,haute
2034,cnav,24107939,haute
2034,cnavpl,717441,haute
2034,cnbf,73532,haute
2034,cnieg,104447,haute
2034,cnracl,2200120,haute
2034,crpcen,37976,haute
2034,crpnpac,56634,haute
2034,enim,26958,haute
2034,erafp,4967408,haute
2034,fonction_publique_etat,1982823,haute
2034,fspoeie,8,haute
2034,ircantec,3186573,haute
2034,msa_exploitants,374006,haute
2034,msa_salaries,821156,haute
2034,ratp,17509,haute
2034,rci_complementaire,1901672,haute
2034,sncf,73305,haute
2035,agirc_arrco,21835500,haute
2035,banque_de_france,3449,haute
2035,canssm,248,haute
2035,cnav,24272402,haute
2035,cnavpl,713785,haute
2035,cnbf,73579,haute
2035,cnieg,101128,haute
2035,cnracl,2199977,haute
2035,crpcen,35650,haute
2035,crpnpac,59666,haute
2035,enim,26837,haute
2035,erafp,4965361,haute
2035,fonction_publique_etat,1980640,haute
2035,fspoeie,8,haute
2035,ircantec,3185650,haute
2035,msa_exploitants,369815,haute
2035,msa_salaries,822460,haute
2035,ratp,16725,haute
2035,rci_complementaire,1905638,haute
2035,sncf,68666,haute
2036,agirc_arrco,21871320,haute
2036,banque_de_france,3227,haute
2036,canssm,210,haute
2036,cnav,24308103,haute
2036,cnavpl,711175,haute
2036,cnbf,73641,haute
2036,cnieg,97607,haute
2036,cnracl,2199987,haute
2036,crpcen,33411,haute
2036,crpnpac,62652,haute
2036,enim,26726,haute
2036,erafp,4964266,haute
2036,fonction_publique_etat,1978886,haute
2036,fspoeie,7,haute
2036,ircantec,3184810,haute
2036,msa_exploitants,365762,haute
2036,msa_salaries,823767,haute
2036,ratp,15867,haute
2036,rci_complementaire,1907870,haute
2036,sncf,64137,haute
2037,agirc_arrco,21887442,haute
2037,banque_de_france,3043,haute
2037,canssm,173,haute
2037,cnav,24192688,haute
2037,cnavpl,709401,haute
2037,cnbf,73661,haute
2037,cnieg,93915,haute
2037,cnracl,2200041,haute
2037,crpcen,31304,haute
2037,crpnpac,65705,haute
2037,enim,26599,haute
2037,erafp,4963807,haute
2037,fonction_publique_etat,1977031,haute
2037,fspoeie,6,haute
2037,ircantec,3184075,haute
2037,msa_exploitants,361869,haute
2037,msa_salaries,825075,haute
2037,ratp,14989,haute
2037,rci_complementaire,1908577,haute
2037,sncf,59879,haute
2038,agirc_arrco,21899880,haute
2038,banque_de_france,2844,haute
2038,canssm,144,haute
2038,cnav,24291046,haute
2038,cnavpl,708388,haute
2038,cnbf,73674,haute
2038,cnieg,90090,haute
2038,cnracl,2200145,haute
2038,crpcen,29243,haute
2038,crpnpac,68847,haute
2038,enim,26476,haute
2038,erafp,4963999,haute
2038,fonction_publique_etat,1976133,haute
2038,fspoeie,6,haute
2038,ircantec,3183363,haute
2038,msa_exploitants,358146,haute
2038,msa_salaries,826385,haute
2038,ratp,14122,haute
2038,rci_complementaire,1910107,haute
2038,sncf,55900,haute
2039,agirc_arrco,21917385,haute
2039,banque_de_france,2657,haute
2039,canssm,122,haute
2039,cnav,24215885,haute
2039,cnavpl,708057,haute
2039,cnbf,73657,haute
2039,cnieg,86199,haute
2039,cnracl,2200163,haute
2039,crpcen,27088,haute
2039,crpnpac,72037,haute
2039,enim,26361,haute
2039,erafp,4964147,haute
2039,fonction_publique_etat,1974498,haute
2039,fspoeie,5,haute
2039,ircantec,3182839,haute
2039,msa_exploitants,354553,haute
2039,msa_salaries,827698,haute
2039,ratp,13335,haute
2039,rci_complementaire,1912016,haute
2039,sncf,52141,haute
2040,agirc_arrco,21927719,haute
2040,banque_de_france,2455,haute
2040,canssm,104,haute
2040,cnav,24260156,haute
2040,cnavpl,708130,haute
2040,cnbf,73651,haute
2040,cnieg,82322,haute
2040,cnracl,2200104,haute
2040,crpcen,24877,haute
2040,crpnpac,75090,haute
2040,enim,26230,haute
2040,erafp,4964402,haute
2040,fonction_publique_etat,1973260,haute
2040,fspoeie,5,haute
2040,ircantec,3182614,haute
2040,msa_exploitants,351107,haute
2040,msa_salaries,829012,haute
2040,ratp,12589,haute
2040,rci_complementaire,1912460,haute
2040,sncf,48478,haute
2041,agirc_arrco,21922950,haute
2041,banque_de_france,2247,haute
2041,canssm,89,haute
2041,cnav,24201505,haute
2041,cnavpl,708425,haute
2041,cnbf,73611,haute
2041,cnieg,78463,haute
2041,cnracl,2198057,haute
2041,crpcen,22851,haute
2041,crpnpac,78221,haute
2041,enim,26082,haute
2041,erafp,4963408,haute
2041,fonction_publique_etat,1970431,haute
2041,fspoeie,4,haute
2041,ircantec,3180701,haute
2041,msa_exploitants,347800,haute
2041,msa_salaries,830328,haute
2041,ratp,11879,haute
2041,rci_complementaire,1911946,haute
2041,sncf,44758,haute
2042,agirc_arrco,21909930,haute
2042,banque_de_france,2023,haute
2042,canssm,74,haute
2042,cnav,24130612,haute
2042,cnavpl,708817,haute
2042,cnbf,73597,haute
2042,cnieg,74665,haute
2042,cnracl,2195530,haute
2042,crpcen,20937,haute
2042,crpnpac,80905,haute
2042,enim,25928,haute
2042,erafp,4960174,haute
2042,fonction_publique_etat,1967768,haute
2042,fspoeie,4,haute
2042,ircantec,3178308,haute
2042,msa_exploitants,344634,haute
2042,msa_salaries,831647,haute
2042,ratp,11206,haute
2042,rci_complementaire,1910825,haute
2042,sncf,41053,haute
2043,agirc_arrco,21892164,haute
2043,banque_de_france,1820,haute
2043,canssm,62,haute
2043,cnav,24127858,haute
2043,cnavpl,709219,haute
2043,cnbf,73543,haute
2043,cnieg,70927,haute
2043,cnracl,2192660,haute
2043,crpcen,19127,haute
2043,crpnpac,83652,haute
2043,enim,25772,haute
2043,erafp,4955850,haute
2043,fonction_publique_etat,1964475,haute
2043,fspoeie,4,haute
2043,ircantec,3175272,haute
2043,msa_exploitants,341599,haute
2043,msa_salaries,832967,haute
2043,ratp,10544,haute
2043,rci_complementaire,1909045,haute
2043,sncf,37501,haute
2044,agirc_arrco,21870496,haute
2044,banque_de_france,1611,haute
2044,canssm,53,haute
2044,cnav,24097298,haute
2044,cnavpl,709309,haute
2044,cnbf,73512,haute
2044,cnieg,67191,haute
2044,cnracl,2189466,haute
2044,crpcen,17652,haute
2044,crpnpac,86480,haute
2044,enim,25607,haute
2044,erafp,4950860,haute
2044,fonction_publique_etat,1961690,haute
2044,fspoeie,3,haute
2044,ircantec,3172626,haute
2044,msa_exploitants,338691,haute
2044,msa_salaries,834290,haute
2044,ratp,9928,haute
2044,rci_complementaire,1907091,haute
2044,sncf,34168,haute
2045,agirc_arrco,21845369,haute
2045,banque_de_france,1415,haute
2045,canssm,43,haute
2045,cnav,24099834,haute
2045,cnavpl,708944,haute
2045,cnbf,73469,haute
2045,cnieg,63417,haute
2045,cnracl,2186113,haute
2045,crpcen,16367,haute
2045,crpnpac,89425,haute
2045,enim,25432,haute
2045,erafp,4945476,haute
2045,fonction_publique_etat,1957704,haute
2045,fspoeie,3,haute
2045,ircantec,3170048,haute
2045,msa_exploitants,335914,haute
2045,msa_salaries,835616,haute
2045,ratp,9312,haute
2045,rci_complementaire,1904855,haute
2045,sncf,31033,haute
2046,agirc_arrco,21808748,haute
2046,banque_de_france,1224,haute
2046,canssm,34,haute
2046,cnav,24069764,haute
2046,cnavpl,708320,haute
2046,cnbf,73438,haute
2046,cnieg,59603,haute
2046,cnracl,2180761,haute
2046,crpcen,15132,haute
2046,crpnpac,92502,haute
2046,enim,25262,haute
2046,erafp,4937512,haute
2046,fonction_publique_etat,1952945,haute
2046,fspoeie,3,haute
2046,ircantec,3165571,haute
2046,msa_exploitants,333261,haute
2046,msa_salaries,836943,haute
2046,ratp,8658,haute
2046,rci_complementaire,1900842,haute
2046,sncf,27935,haute
2047,agirc_arrco,21765520,haute
2047,banque_de_france,1054,haute
2047,canssm,27,haute
2047,cnav,24042633,haute
2047,cnavpl,707436,haute
2047,cnbf,73402,haute
2047,cnieg,55730,haute
2047,cnracl,2175673,haute
2047,crpcen,13926,haute
2047,crpnpac,95716,haute
2047,enim,25083,haute
2047,erafp,4927477,haute
2047,fonction_publique_etat,1948722,haute
2047,fspoeie,2,haute
2047,ircantec,3161852,haute
2047,msa_exploitants,330730,haute
2047,msa_salaries,838273,haute
2047,ratp,8017,haute
2047,rci_complementaire,1897068,haute
2047,sncf,24802,haute
2048,agirc_arrco,21725927,haute
2048,banque_de_france,872,haute
2048,canssm,21,haute
2048,cnav,24067795,haute
2048,cnavpl,706206,haute
2048,cnbf,73402,haute
2048,cnieg,51748,haute
2048,cnracl,2171183,haute
2048,crpcen,12838,haute
2048,crpnpac,99114,haute
2048,enim,24900,haute
2048,erafp,4918375,haute
2048,fonction_publique_etat,1944250,haute
2048,fspoeie,2,haute
2048,ircantec,3159042,haute
2048,msa_exploitants,328318,haute
2048,msa_salaries,839605,haute
2048,ratp,7391,haute
2048,rci_complementaire,1893731,haute
2048,sncf,21674,haute
2049,agirc_arrco,21686047,haute
2049,banque_de_france,675,haute
2049,canssm,16,haute
2049,cnav,24070041,haute
2049,cnavpl,704617,haute
2049,cnbf,73366,haute
2049,cnieg,47616,haute
2049,cnracl,2167678,haute
2049,crpcen,11650,haute
2049,crpnpac,102677,haute
2049,enim,24727,haute
2049,erafp,4910938,haute
2049,fonction_publique_etat,1941560,haute
2049,fspoeie,2,haute
2049,ircantec,3157855,haute
2049,msa_exploitants,326023,haute
2049,msa_salaries,840939,haute
2049,ratp,6755,haute
2049,rci_complementaire,1891423,haute
2049,sncf,18599,haute
2050,agirc_arrco,21646406,haute
2050,banque_de_france,521,haute
2050,canssm,11,haute
2050,cnav,23899752,haute
2050,cnavpl,702780,haute
2050,cnbf,73393,haute
2050,cnieg,43269,haute
2050,cnracl,2163454,haute
2050,crpcen,10193,haute
2050,crpnpac,106459,haute
2050,enim,24554,haute
2050,erafp,4903713,haute
2050,fonction_publique_etat,1937690,haute
2050,fspoeie,2,haute
2050,ircantec,3155900,haute
2050,msa_exploitants,323844,haute
2050,msa_salaries,842274,haute
2050,ratp,6116,haute
2050,rci_complementaire,1888332,haute
2050,sncf,15633,haute
2051,agirc_arrco,21611375,haute
2051,banque_de_france,379,haute
2051,canssm,8,haute
2051,cnav,23869120,haute
2051,cnavpl,700771,haute
2051,cnbf,73353,haute
2051,cnieg,38760,haute
2051,cnracl,2159054,haute
2051,crpcen,8857,haute
2051,crpnpac,107708,haute
2051,enim,24397,haute
2051,erafp,4895409,haute
2051,fonction_publique_etat,1933160,haute
2051,fspoeie,2,haute
2051,ircantec,3154225,haute
2051,msa_exploitants,321777,haute
2051,msa_salaries,843612,haute
2051,ratp,5511,haute
2051,rci_complementaire,1885249,haute
2051,sncf,12787,haute
2052,agirc_arrco,21579219,haute
2052,banque_de_france,204,haute
2052,canssm,5,haute
2052,cnav,23875808,haute
2052,cnavpl,698616,haute
2052,cnbf,73356,haute
2052,cnieg,34219,haute
2052,cnracl,2155241,haute
2052,crpcen,7612,haute
2052,crpnpac,108880,haute
2052,enim,24238,haute
2052,erafp,4887422,haute
2052,fonction_publique_etat,1930607,haute
2052,fspoeie,1,haute
2052,ircantec,3153559,haute
2052,msa_exploitants,319821,haute
2052,msa_salaries,844952,haute
2052,ratp,4965,haute
2052,rci_complementaire,1882769,haute
2052,sncf,10134,haute
2053,agirc_arrco,21549670,haute
2053,banque_de_france,46,haute
2053,canssm,4,haute
2053,cnav,23802263,haute
2053,cnavpl,696308,haute
2053,cnbf,73338,haute
2053,cnieg,29815,haute
2053,cnracl,2151986,haute
2053,crpcen,6480,haute
2053,crpnpac,110096,haute
2053,enim,24089,haute
2053,erafp,4880477,haute
2053,fonction_publique_etat,1928006,haute
2053,fspoeie,1,haute
2053,ircantec,3153555,haute
2053,msa_exploitants,317973,haute
2053,msa_salaries,846294,haute
2053,ratp,4439,haute
2053,rci_complementaire,1880666,haute
2053,sncf,7798,haute
2054,agirc_arrco,21523758,haute
2054,banque_de_france,2,haute
2054,canssm,2,haute
2054,cnav,23816977,haute
2054,cnavpl,693836,haute
2054,cnbf,73318,haute
2054,cnieg,25661,haute
2054,cnracl,2149300,haute
2054,crpcen,5662,haute
2054,crpnpac,111342,haute
2054,enim,23940,haute
2054,erafp,4874709,haute
2054,fonction_publique_etat,1926073,haute
2054,fspoeie,1,haute
2054,ircantec,3154368,haute
2054,msa_exploitants,316233,haute
2054,msa_salaries,847638,haute
2054,ratp,3851,haute
2054,rci_complementaire,1879124,haute
2054,sncf,5827,haute
2055,agirc_arrco,21509718,haute
2055,banque_de_france,2,haute
2055,canssm,2,haute
2055,cnav,23823811,haute
2055,cnavpl,691180,haute
2055,cnbf,73259,haute
2055,cnieg,21778,haute
2055,cnracl,2147689,haute
2055,crpcen,5088,haute
2055,crpnpac,112633,haute
2055,enim,23796,haute
2055,erafp,4870610,haute
2055,fonction_publique_etat,1924354,haute
2055,fspoeie,1,haute
2055,ircantec,3156158,haute
2055,msa_exploitants,314598,haute
2055,msa_salaries,848984,haute
2055,ratp,3276,haute
2055,rci_complementaire,1878324,haute
2055,sncf,4212,haute
2056,agirc_arrco,21496586,haute
2056,banque_de_france,2,haute
2056,canssm,2,haute
2056,cnav,23764384,haute
2056,cnavpl,688352,haute
2056,cnbf,73196,haute
2056,cnieg,18260,haute
2056,cnracl,2145242,haute
2056,crpcen,4588,haute
2056,crpnpac,113948,haute
2056,enim,23654,haute
2056,erafp,4866636,haute
2056,fonction_publique_etat,1922442,haute
2056,fspoeie,1,haute
2056,ircantec,3157147,haute
2056,msa_exploitants,313067,haute
2056,msa_salaries,850332,haute
2056,ratp,2640,haute
2056,rci_complementaire,1876894,haute
2056,sncf,2929,haute
2057,agirc_arrco,21478704,haute
2057,banque_de_france,2,haute
2057,canssm,1,haute
2057,cnav,23801913,haute
2057,cnavpl,685502,haute
2057,cnbf,73088,haute
2057,cnieg,15148,haute
2057,cnracl,2143484,haute
2057,crpcen,4111,haute
2057,crpnpac,115229,haute
2057,enim,23520,haute
2057,erafp,4862548,haute
2057,fonction_publique_etat,1921014,haute
2057,fspoeie,1,haute
2057,ircantec,3158856,haute
2057,msa_exploitants,311638,haute
2057,msa_salaries,851683,haute
2057,ratp,1798,haute
2057,rci_complementaire,1875964,haute
2057,sncf,1940,haute
2058,agirc_arrco,21467816,haute
2058,banque_de_france,2,haute
2058,canssm,1,haute
2058,cnav,23945066,haute
2058,cnavpl,682725,haute
2058,cnbf,73063,haute
2058,cnieg,12427,haute
2058,cnracl,2142187,haute
2058,crpcen,3640,haute
2058,crpnpac,116499,haute
2058,enim,23389,haute
2058,erafp,4859674,haute
2058,fonction_publique_etat,1919991,haute
2058,fspoeie,1,haute
2058,ircantec,3160987,haute
2058,msa_exploitants,310310,haute
2058,msa_salaries,853036,haute
2058,ratp,1441,haute
2058,rci_complementaire,1875378,haute
2058,sncf,1195,haute
2059,agirc_arrco,21462251,haute
2059,banque_de_france,2,haute
2059,canssm,0,haute
2059,cnav,23911145,haute
2059,cnavpl,679983,haute
2059,cnbf,73007,haute
2059,cnieg,10054,haute
2059,cnracl,2141287,haute
2059,crpcen,3010,haute
2059,crpnpac,117736,haute
2059,enim,23252,haute
2059,erafp,4857789,haute
2059,fonction_publique_etat,1919232,haute
2059,fspoeie,1,haute
2059,ircantec,3163540,haute
2059,msa_exploitants,309082,haute
2059,msa_salaries,854391,haute
2059,ratp,1256,haute
2059,rci_complementaire,1875142,haute
2059,sncf,668,haute
2060,agirc_arrco,21457814,haute
2060,banque_de_france,2,haute
2060,canssm,0,haute
2060,cnav,23850525,haute
2060,cnavpl,677233,haute
2060,cnbf,72787,haute
2060,cnieg,7950,haute
2060,cnracl,2140149,haute
2060,crpcen,2176,haute
2060,crpnpac,118986,haute
2060,enim,23114,haute
2060,erafp,4855904,haute
2060,fonction_publique_etat,1917530,haute
2060,fspoeie,1,haute
2060,ircantec,3163179,haute
2060,msa_exploitants,307952,haute
2060,msa_salaries,855748,haute
2060,ratp,977,haute
2060,rci_complementaire,1874677,haute
2060,sncf,328,haute
2061,agirc_arrco,21451870,haute
2061,banque_de_france,2,haute
2061,canssm,0,haute
2061,cnav,23898705,haute
2061,cnavpl,674442,haute
2061,cnbf,72572,haute
2061,cnieg,6097,haute
2061,cnracl,2138825,haute
2061,crpcen,1454,haute
2061,crpnpac,120243,haute
2061,enim,22982,haute
2061,erafp,4853274,haute
2061,fonction_publique_etat,1917289,haute
2061,fspoeie,1,haute
2061,ircantec,3162534,haute
2061,msa_exploitants,306920,haute
2061,msa_salaries,857108,haute
2061,ratp,761,haute
2061,rci_complementaire,1873987,haute
2061,sncf,134,haute
2062,agirc_arrco,21440304,haute
2062,banque_de_france,2,haute
2062,canssm,0,haute
2062,cnav,23907648,haute
2062,cnavpl,671586,haute
2062,cnbf,72282,haute
2062,cnieg,4516,haute
2062,cnracl,2137540,haute
2062,crpcen,790,haute
2062,crpnpac,121510,haute
2062,enim,22851,haute
2062,erafp,4850665,haute
2062,fonction_publique_etat,1915816,haute
2062,fspoeie,0,haute
2062,ircantec,3161865,haute
2062,msa_exploitants,305985,haute
2062,msa_salaries,858469,haute
2062,ratp,623,haute
2062,rci_complementaire,1873268,haute
2062,sncf,42,haute
2063,agirc_arrco,21428844,haute
2063,banque_de_france,2,haute
2063,canssm,0,haute
2063,cnav,23843614,haute
2063,cnavpl,668701,haute
2063,cnbf,72119,haute
2063,cnieg,3202,haute
2063,cnracl,2136421,haute
2063,crpcen,278,haute
2063,crpnpac,122785,haute
2063,enim,22717,haute
2063,erafp,4848359,haute
2063,fonction_publique_etat,1914252,haute
2063,fspoeie,0,haute
2063,ircantec,3161431,haute
2063,msa_exploitants,305067,haute
2063,msa_salaries,859832,haute
2063,ratp,511,haute
2063,rci_complementaire,1872718,haute
2063,sncf,8,haute
2064,agirc_arrco,21419046,haute
2064,banque_de_france,2,haute
2064,canssm,0,haute
2064,cnav,23882035,haute
2064,cnavpl,665815,haute
2064,cnbf,71855,haute
2064,cnieg,2160,haute
2064,cnracl,2134924,haute
2064,crpcen,61,haute
2064,crpnpac,124076,haute
2064,enim,22584,haute
2064,erafp,4845607,haute
2064,fonction_publique_etat,1912883,haute
2064,fspoeie,0,haute
2064,ircantec,3160487,haute
2064,msa_exploitants,304152,haute
2064,msa_salaries,861198,haute
2064,ratp,352,haute
2064,rci_complementaire,1871757,haute
2064,sncf,0,haute
2065,agirc_arrco,21402479,haute
2065,banque_de_france,2,haute
2065,canssm,0,haute
2065,cnav,23817773,haute
2065,cnavpl,662882,haute
2065,cnbf,71632,haute
2065,cnieg,1370,haute
2065,cnracl,2132312,haute
2065,crpcen,24,haute
2065,crpnpac,125381,haute
2065,enim,22453,haute
2065,erafp,4841195,haute
2065,fonction_publique_etat,1910564,haute
2065,fspoeie,0,haute
2065,ircantec,3158357,haute
2065,msa_exploitants,303239,haute
2065,msa_salaries,862565,haute
2065,ratp,186,haute
2065,rci_complementaire,1869799,haute
2065,sncf,0,haute
2066,agirc_arrco,21376898,haute
2066,banque_de_france,2,haute
2066,canssm,0,haute
2066,cnav,23735347,haute
2066,cnavpl,659855,haute
2066,cnbf,71346,haute
2066,cnieg,822,haute
2066,cnracl,2128919,haute
2066,crpcen,8,haute
2066,crpnpac,126691,haute
2066,enim,22323,haute
2066,erafp,4834663,haute
2066,fonction_publique_etat,1907042,haute
2066,fspoeie,0,haute
2066,ircantec,3155361,haute
2066,msa_exploitants,302330,haute
2066,msa_salaries,863935,haute
2066,ratp,73,haute
2066,rci_complementaire,1867035,haute
2066,sncf,0,haute
2067,agirc_arrco,21346280,haute
2067,banque_de_france,2,haute
2067,canssm,0,haute
2067,cnav,23769986,haute
2067,cnavpl,656723,haute
2067,cnbf,71118,haute
2067,cnieg,482,haute
2067,cnracl,2125724,haute
2067,crpcen,2,haute
2067,crpnpac,128000,haute
2067,enim,22193,haute
2067,erafp,4827391,haute
2067,fonction_publique_etat,1904352,haute
2067,fspoeie,0,haute
2067,ircantec,3152752,haute
2067,msa_exploitants,301423,haute
2067,msa_salaries,865308,haute
2067,ratp,44,haute
2067,rci_complementaire,1864460,haute
2067,sncf,0,haute
2068,agirc_arrco,21317392,haute
2068,banque_de_france,2,haute
2068,canssm,0,haute
2068,cnav,23768186,haute
2068,cnavpl,653496,haute
2068,cnbf,70890,haute
2068,cnieg,270,haute
2068,cnracl,2122556,haute
2068,crpcen,0,haute
2068,crpnpac,129305,haute
2068,enim,22064,haute
2068,erafp,4820357,haute
2068,fonction_publique_etat,1901202,haute
2068,fspoeie,0,haute
2068,ircantec,3150232,haute
2068,msa_exploitants,300669,haute
2068,msa_salaries,866682,haute
2068,ratp,22,haute
2068,rci_complementaire,1861871,haute
2068,sncf,0,haute
2069,agirc_arrco,21285418,haute
2069,banque_de_france,2,haute
2069,canssm,0,haute
2069,cnav,23718013,haute
2069,cnavpl,650190,haute
2069,cnbf,70709,haute
2069,cnieg,134,haute
2069,cnracl,2119168,haute
2069,crpcen,0,haute
2069,crpnpac,130602,haute
2069,enim,21935,haute
2069,erafp,4812932,haute
2069,fonction_publique_etat,1897950,haute
2069,fspoeie,0,haute
2069,ircantec,3147299,haute
2069,msa_exploitants,299917,haute
2069,msa_salaries,868059,haute
2069,ratp,11,haute
2069,rci_complementaire,1858895,haute
2069,sncf,0,haute
2070,agirc_arrco,21248986,haute
2070,banque_de_france,2,haute
2070,canssm,0,haute
2070,cnav,23596332,haute
2070,cnavpl,646814,haute
2070,cnbf,70511,haute
2070,cnieg,51,haute
2070,cnracl,2114975,haute
2070,crpcen,0,haute
2070,crpnpac,131891,haute
2070,enim,21806,haute
2070,erafp,4804375,haute
2070,fonction_publique_etat,1893125,haute
2070,fspoeie,0,haute
2070,ircantec,3143714,haute
2070,msa_exploitants,299168,haute
2070,msa_salaries,869438,haute
2070,ratp,5,haute
2070,rci_complementaire,1855338,haute
2070,sncf,0,haute
