# Qui finance chaque régime : cotisations, État, transferts, et ce
# que personne ne couvre
# source_id: cor_regimes
# unite: part du financement du régime pour l'année, en fraction
# fiabilite:
#   haute (2010-2070) : parts publiées par le COR dans les
#             compléments de son rapport annuel, et recontrôlées par
#             scripts/verifier_donnees.py contre son classeur.
#
# À QUOI CETTE SÉRIE SERT
# ------------------------
# À répondre à une question que structure_ressources_retraite.csv
# ne sait poser que pour le système entier : un scénario qui
# remplace tous les taux par 18 % déplace-t-il une charge vers
# l'ÉTAT ou vers les CAISSES ? La réponse dépend du régime. L'État
# finance 86 % de la fonction publique d'État par sa contribution
# d'équilibre, et 61 % de la SNCF par une subvention ; la CNRACL ne
# reçoit rien de lui et porte un besoin de financement que personne
# ne couvre — 7 % en 2023, 49 % en 2070.
#
# CE QU'IL FAUT SAVOIR AVANT DE S'EN SERVIR
# ------------------------------------------
# 1. LE MILLÉSIME. Ces parts viennent des compléments du rapport de
#    JUIN 2024, seul millésime publié : ni 2025 ni 2026 ne les ont
#    reconduits. Le reste du dépôt tourne sur le COR 2026. Mélanger
#    les deux coudrait deux exercices de projection.
# 2. LES ANNÉES. Six seulement — 2010, 2015, 2023, 2030, 2040, 2050
#    et 2070 selon les régimes — parce que le classeur ne publie
#    cette ventilation qu'à ces dates-là. Ce n'est pas une série
#    annuelle, et interpoler serait inventer.
# 3. LES PARTS NE SOMMENT PAS TOUJOURS À UN. Cent couples (régime,
#    année) sur 134 somment à un à un millième près ; les autres
#    s'en écartent jusqu'à onze pour cent. C'est ce que le classeur
#    publie, et on ne normalise pas.
# 4. LA FONCTION PUBLIQUE D'ÉTAT EST D'UN SEUL TENANT, civils et
#    militaires confondus, là où le reste du dépôt les sépare.
#
# Ne pas modifier ces valeurs à la main : elles seraient écrasées
# au prochain scripts/verifier_donnees.py --appliquer.
annee,regime,poste,part,fiabilite
2010,agirc_arrco,autres_produits,0.090836,haute
2010,agirc_arrco,besoin_de_financement,0.000000,haute
2010,agirc_arrco,compensation_demographique,0.000000,haute
2010,agirc_arrco,cotisations,0.835097,haute
2010,agirc_arrco,impots_et_taxes,0.002424,haute
2010,agirc_arrco,subventions_equilibre,0.000000,haute
2010,agirc_arrco,transferts,0.071644,haute
2010,banque_de_france,autres_produits,0.252386,haute
2010,banque_de_france,besoin_de_financement,0.000000,haute
2010,banque_de_france,compensation_demographique,0.000000,haute
2010,banque_de_france,contribution_equilibre_etat,0.662466,haute
2010,banque_de_france,cotisations,0.085148,haute
2010,banque_de_france,impots_et_taxes,0.000000,haute
2010,banque_de_france,transferts,0.000000,haute
2010,canssm,autres_produits,0.195978,haute
2010,canssm,besoin_de_financement,0.015550,haute
2010,canssm,compensation_demographique,0.440788,haute
2010,canssm,cotisations,0.017306,haute
2010,canssm,impots_et_taxes,0.001772,haute
2010,canssm,subventions_equilibre,0.313650,haute
2010,canssm,transferts,0.012717,haute
2010,cnav,autres_produits,0.007124,haute
2010,cnav,besoin_de_financement,0.086306,haute
2010,cnav,compensation_demographique,0.000000,haute
2010,cnav,cotisations,0.598007,haute
2010,cnav,impots_et_taxes,0.105983,haute
2010,cnav,subventions_equilibre,0.000000,haute
2010,cnav,transferts,0.202580,haute
2010,cnavpl,autres_produits,0.016615,haute
2010,cnavpl,besoin_de_financement,0.012361,haute
2010,cnavpl,compensation_demographique,0.000000,haute
2010,cnavpl,cotisations,0.968996,haute
2010,cnavpl,impots_et_taxes,0.001070,haute
2010,cnavpl,subventions_equilibre,0.000000,haute
2010,cnavpl,transferts,0.001005,haute
2010,cnavpl_complementaire,autres_produits,0.321270,haute
2010,cnavpl_complementaire,besoin_de_financement,0.000000,haute
2010,cnavpl_complementaire,compensation_demographique,0.000000,haute
2010,cnavpl_complementaire,cotisations,0.679552,haute
2010,cnavpl_complementaire,impots_et_taxes,0.000000,haute
2010,cnavpl_complementaire,subventions_equilibre,0.000000,haute
2010,cnavpl_complementaire,transferts,0.000000,haute
2010,cnbf,autres_produits,0.204073,haute
2010,cnbf,besoin_de_financement,0.000000,haute
2010,cnbf,compensation_demographique,0.000000,haute
2010,cnbf,cotisations,0.676205,haute
2010,cnbf,impots_et_taxes,0.119690,haute
2010,cnbf,subventions_equilibre,0.000000,haute
2010,cnbf,transferts,0.000031,haute
2010,cnieg,autres_produits,0.002996,haute
2010,cnieg,besoin_de_financement,0.000000,haute
2010,cnieg,compensation_demographique,0.000000,haute
2010,cnieg,cotisations,0.405147,haute
2010,cnieg,impots_et_taxes,0.170588,haute
2010,cnieg,subventions_equilibre,0.000000,haute
2010,cnieg,transferts,0.421268,haute
2010,cnracl,autres_produits,0.003129,haute
2010,cnracl,besoin_de_financement,0.000000,haute
2010,cnracl,compensation_demographique,0.000000,haute
2010,cnracl,cotisations,0.934510,haute
2010,cnracl,impots_et_taxes,0.006188,haute
2010,cnracl,subventions_equilibre,0.000000,haute
2010,cnracl,transferts,0.018673,haute
2010,crpcen,autres_produits,0.036845,haute
2010,crpcen,besoin_de_financement,0.116336,haute
2010,crpcen,compensation_demographique,0.071690,haute
2010,crpcen,cotisations,0.744474,haute
2010,crpcen,impots_et_taxes,0.030553,haute
2010,crpcen,subventions_equilibre,0.000000,haute
2010,crpcen,transferts,0.000103,haute
2010,crpnpac,autres_produits,0.458447,haute
2010,crpnpac,besoin_de_financement,0.070101,haute
2010,crpnpac,compensation_demographique,0.000000,haute
2010,crpnpac,cotisations,0.471452,haute
2010,crpnpac,impots_et_taxes,0.000000,haute
2010,crpnpac,subventions_equilibre,0.000000,haute
2010,crpnpac,transferts,0.000000,haute
2010,enim,autres_produits,0.010877,haute
2010,enim,besoin_de_financement,0.000364,haute
2010,enim,compensation_demographique,0.186655,haute
2010,enim,cotisations,0.101580,haute
2010,enim,impots_et_taxes,0.037143,haute
2010,enim,subventions_equilibre,0.653643,haute
2010,enim,transferts,0.002635,haute
2010,erafp,autres_produits,0.176689,haute
2010,erafp,besoin_de_financement,0.000000,haute
2010,erafp,compensation_demographique,0.000000,haute
2010,erafp,cotisations,0.823311,haute
2010,erafp,impots_et_taxes,0.000000,haute
2010,erafp,subventions_equilibre,0.000000,haute
2010,erafp,transferts,0.000000,haute
2010,fonction_publique_etat,autres_produits,0.000456,haute
2010,fonction_publique_etat,besoin_de_financement,0.000000,haute
2010,fonction_publique_etat,compensation_demographique,0.001600,haute
2010,fonction_publique_etat,contribution_equilibre_etat,0.856758,haute
2010,fonction_publique_etat,cotisations,0.109717,haute
2010,fonction_publique_etat,impots_et_taxes,0.000000,haute
2010,fonction_publique_etat,subventions_equilibre,0.000000,haute
2010,fonction_publique_etat,transferts,0.031470,haute
2010,fspoeie,autres_produits,0.005139,haute
2010,fspoeie,besoin_de_financement,0.000219,haute
2010,fspoeie,compensation_demographique,0.068803,haute
2010,fspoeie,cotisations,0.293973,haute
2010,fspoeie,impots_et_taxes,0.000000,haute
2010,fspoeie,subventions_equilibre,0.632383,haute
2010,fspoeie,transferts,0.014904,haute
2010,ircantec,autres_produits,0.177219,haute
2010,ircantec,besoin_de_financement,0.000000,haute
2010,ircantec,compensation_demographique,0.000000,haute
2010,ircantec,cotisations,0.905820,haute
2010,ircantec,impots_et_taxes,0.000000,haute
2010,ircantec,subventions_equilibre,0.000000,haute
2010,ircantec,transferts,0.024850,haute
2010,msa_exploitants,autres_produits,0.022003,haute
2010,msa_exploitants,besoin_de_financement,0.142556,haute
2010,msa_exploitants,compensation_demographique,0.433305,haute
2010,msa_exploitants,cotisations,0.115175,haute
2010,msa_exploitants,impots_et_taxes,0.239139,haute
2010,msa_exploitants,subventions_equilibre,0.000000,haute
2010,msa_exploitants,transferts,0.047822,haute
2010,msa_exploitants_complementaire,autres_produits,0.048509,haute
2010,msa_exploitants_complementaire,besoin_de_financement,0.000000,haute
2010,msa_exploitants_complementaire,compensation_demographique,0.000000,haute
2010,msa_exploitants_complementaire,cotisations,0.577207,haute
2010,msa_exploitants_complementaire,impots_et_taxes,0.374283,haute
2010,msa_exploitants_complementaire,subventions_equilibre,0.000000,haute
2010,msa_exploitants_complementaire,transferts,0.000000,haute
2010,msa_salaries,autres_produits,0.024979,haute
2010,msa_salaries,besoin_de_financement,0.000000,haute
2010,msa_salaries,compensation_demographique,0.382603,haute
2010,msa_salaries,cotisations,0.353907,haute
2010,msa_salaries,impots_et_taxes,0.100767,haute
2010,msa_salaries,subventions_equilibre,0.000000,haute
2010,msa_salaries,transferts,0.137743,haute
2010,ratp,autres_produits,0.007927,haute
2010,ratp,besoin_de_financement,0.000000,haute
2010,ratp,compensation_demographique,0.000000,haute
2010,ratp,cotisations,0.453308,haute
2010,ratp,impots_et_taxes,0.000000,haute
2010,ratp,subventions_equilibre,0.533536,haute
2010,ratp,transferts,0.000101,haute
2010,rci_complementaire,autres_produits,0.191475,haute
2010,rci_complementaire,besoin_de_financement,0.000000,haute
2010,rci_complementaire,compensation_demographique,0.000000,haute
2010,rci_complementaire,cotisations,0.808113,haute
2010,rci_complementaire,impots_et_taxes,0.000412,haute
2010,rci_complementaire,subventions_equilibre,0.000000,haute
2010,rci_complementaire,transferts,0.000000,haute
2010,sncf,autres_produits,0.000659,haute
2010,sncf,besoin_de_financement,0.000000,haute
2010,sncf,compensation_demographique,0.030597,haute
2010,sncf,cotisations,0.383308,haute
2010,sncf,impots_et_taxes,0.002146,haute
2010,sncf,subventions_equilibre,0.581363,haute
2010,sncf,transferts,0.000087,haute
2023,agirc_arrco,autres_produits,0.023313,haute
2023,agirc_arrco,besoin_de_financement,0.000000,haute
2023,agirc_arrco,compensation_demographique,0.000000,haute
2023,agirc_arrco,cotisations,0.843786,haute
2023,agirc_arrco,impots_et_taxes,0.072218,haute
2023,agirc_arrco,subventions_equilibre,0.000000,haute
2023,agirc_arrco,transferts,0.060683,haute
2023,banque_de_france,autres_produits,0.571590,haute
2023,banque_de_france,besoin_de_financement,0.000000,haute
2023,banque_de_france,compensation_demographique,0.007501,haute
2023,banque_de_france,contribution_equilibre_etat,0.388765,haute
2023,banque_de_france,cotisations,0.028996,haute
2023,banque_de_france,impots_et_taxes,0.000000,haute
2023,banque_de_france,transferts,0.000000,haute
2023,canssm,autres_produits,0.006916,haute
2023,canssm,besoin_de_financement,0.000000,haute
2023,canssm,compensation_demographique,0.164521,haute
2023,canssm,cotisations,0.004973,haute
2023,canssm,impots_et_taxes,0.004462,haute
2023,canssm,subventions_equilibre,0.811090,haute
2023,canssm,transferts,0.007493,haute
2023,cnav,autres_produits,0.015118,haute
2023,cnav,besoin_de_financement,0.008022,haute
2023,cnav,compensation_demographique,0.000065,haute
2023,cnav,cotisations,0.643599,haute
2023,cnav,impots_et_taxes,0.151764,haute
2023,cnav,subventions_equilibre,0.000000,haute
2023,cnav,transferts,0.181433,haute
2023,cnavpl,autres_produits,0.049664,haute
2023,cnavpl,besoin_de_financement,0.000000,haute
2023,cnavpl,compensation_demographique,0.000000,haute
2023,cnavpl,cotisations,0.892893,haute
2023,cnavpl,impots_et_taxes,0.017225,haute
2023,cnavpl,subventions_equilibre,0.000000,haute
2023,cnavpl,transferts,0.040218,haute
2023,cnavpl_complementaire,autres_produits,0.164642,haute
2023,cnavpl_complementaire,besoin_de_financement,0.000000,haute
2023,cnavpl_complementaire,compensation_demographique,0.000000,haute
2023,cnavpl_complementaire,cotisations,0.835358,haute
2023,cnavpl_complementaire,impots_et_taxes,0.000000,haute
2023,cnavpl_complementaire,subventions_equilibre,0.000000,haute
2023,cnavpl_complementaire,transferts,0.000000,haute
2023,cnbf,autres_produits,0.254723,haute
2023,cnbf,besoin_de_financement,0.000000,haute
2023,cnbf,compensation_demographique,0.000000,haute
2023,cnbf,cotisations,0.636421,haute
2023,cnbf,impots_et_taxes,0.108771,haute
2023,cnbf,subventions_equilibre,0.000000,haute
2023,cnbf,transferts,0.000084,haute
2023,cnieg,autres_produits,0.006425,haute
2023,cnieg,besoin_de_financement,0.000000,haute
2023,cnieg,compensation_demographique,0.000000,haute
2023,cnieg,cotisations,0.392404,haute
2023,cnieg,impots_et_taxes,0.198757,haute
2023,cnieg,subventions_equilibre,0.000000,haute
2023,cnieg,transferts,0.402414,haute
2023,cnracl,autres_produits,0.002008,haute
2023,cnracl,besoin_de_financement,0.071395,haute
2023,cnracl,compensation_demographique,0.000000,haute
2023,cnracl,cotisations,0.878714,haute
2023,cnracl,impots_et_taxes,0.001839,haute
2023,cnracl,subventions_equilibre,0.000000,haute
2023,cnracl,transferts,0.022942,haute
2023,crpcen,autres_produits,0.079344,haute
2023,crpcen,besoin_de_financement,0.000000,haute
2023,crpcen,compensation_demographique,0.024834,haute
2023,crpcen,cotisations,0.891659,haute
2023,crpcen,impots_et_taxes,0.004069,haute
2023,crpcen,subventions_equilibre,0.000000,haute
2023,crpcen,transferts,0.000094,haute
2023,crpnpac,autres_produits,0.226780,haute
2023,crpnpac,besoin_de_financement,0.018358,haute
2023,crpnpac,compensation_demographique,0.000000,haute
2023,crpnpac,cotisations,0.754861,haute
2023,crpnpac,impots_et_taxes,0.000000,haute
2023,crpnpac,subventions_equilibre,0.000000,haute
2023,crpnpac,transferts,0.000000,haute
2023,enim,autres_produits,0.017415,haute
2023,enim,besoin_de_financement,0.000000,haute
2023,enim,compensation_demographique,0.067397,haute
2023,enim,cotisations,0.123206,haute
2023,enim,impots_et_taxes,0.035831,haute
2023,enim,subventions_equilibre,0.762598,haute
2023,enim,transferts,0.005384,haute
2023,erafp,autres_produits,0.337745,haute
2023,erafp,besoin_de_financement,0.000000,haute
2023,erafp,compensation_demographique,0.000000,haute
2023,erafp,cotisations,0.662255,haute
2023,erafp,impots_et_taxes,0.000000,haute
2023,erafp,subventions_equilibre,0.000000,haute
2023,erafp,transferts,0.000000,haute
2023,fonction_publique_etat,autres_produits,0.000558,haute
2023,fonction_publique_etat,besoin_de_financement,0.000000,haute
2023,fonction_publique_etat,compensation_demographique,0.009173,haute
2023,fonction_publique_etat,contribution_equilibre_etat,0.860337,haute
2023,fonction_publique_etat,cotisations,0.122008,haute
2023,fonction_publique_etat,impots_et_taxes,0.000000,haute
2023,fonction_publique_etat,subventions_equilibre,0.000000,haute
2023,fonction_publique_etat,transferts,0.007925,haute
2023,fspoeie,autres_produits,0.000701,haute
2023,fspoeie,besoin_de_financement,0.016702,haute
2023,fspoeie,compensation_demographique,0.046383,haute
2023,fspoeie,cotisations,0.157807,haute
2023,fspoeie,impots_et_taxes,0.000000,haute
2023,fspoeie,subventions_equilibre,0.767009,haute
2023,fspoeie,transferts,0.000123,haute
2023,ircantec,autres_produits,0.095336,haute
2023,ircantec,besoin_de_financement,0.000000,haute
2023,ircantec,compensation_demographique,0.000000,haute
2023,ircantec,cotisations,0.816971,haute
2023,ircantec,impots_et_taxes,0.000000,haute
2023,ircantec,subventions_equilibre,0.000000,haute
2023,ircantec,transferts,0.044372,haute
2023,msa_exploitants,autres_produits,0.044252,haute
2023,msa_exploitants,besoin_de_financement,0.000000,haute
2023,msa_exploitants,compensation_demographique,0.357599,haute
2023,msa_exploitants,cotisations,0.194305,haute
2023,msa_exploitants,impots_et_taxes,0.361491,haute
2023,msa_exploitants,subventions_equilibre,0.000000,haute
2023,msa_exploitants,transferts,0.042354,haute
2023,msa_exploitants_complementaire,autres_produits,0.089729,haute
2023,msa_exploitants_complementaire,besoin_de_financement,0.000000,haute
2023,msa_exploitants_complementaire,compensation_demographique,0.000000,haute
2023,msa_exploitants_complementaire,cotisations,0.429124,haute
2023,msa_exploitants_complementaire,impots_et_taxes,0.481147,haute
2023,msa_exploitants_complementaire,subventions_equilibre,0.000000,haute
2023,msa_exploitants_complementaire,transferts,0.000000,haute
2023,msa_salaries,autres_produits,0.027443,haute
2023,msa_salaries,besoin_de_financement,0.000000,haute
2023,msa_salaries,compensation_demographique,0.349182,haute
2023,msa_salaries,cotisations,0.460548,haute
2023,msa_salaries,impots_et_taxes,0.033048,haute
2023,msa_salaries,subventions_equilibre,0.000000,haute
2023,msa_salaries,transferts,0.129779,haute
2023,ratp,autres_produits,0.005212,haute
2023,ratp,besoin_de_financement,0.000000,haute
2023,ratp,compensation_demographique,0.000000,haute
2023,ratp,cotisations,0.391510,haute
2023,ratp,impots_et_taxes,0.000000,haute
2023,ratp,subventions_equilibre,0.608105,haute
2023,ratp,transferts,0.000051,haute
2023,rci_complementaire,autres_produits,0.149050,haute
2023,rci_complementaire,besoin_de_financement,0.000000,haute
2023,rci_complementaire,compensation_demographique,0.000000,haute
2023,rci_complementaire,cotisations,0.845449,haute
2023,rci_complementaire,impots_et_taxes,0.005501,haute
2023,rci_complementaire,subventions_equilibre,0.000000,haute
2023,rci_complementaire,transferts,0.000000,haute
2023,sncf,autres_produits,0.005373,haute
2023,sncf,besoin_de_financement,0.002973,haute
2023,sncf,compensation_demographique,0.012645,haute
2023,sncf,cotisations,0.359911,haute
2023,sncf,impots_et_taxes,0.000034,haute
2023,sncf,subventions_equilibre,0.608433,haute
2023,sncf,transferts,0.003446,haute
2030,agirc_arrco,autres_produits,0.028814,haute
2030,agirc_arrco,besoin_de_financement,0.000000,haute
2030,agirc_arrco,compensation_demographique,0.000000,haute
2030,agirc_arrco,cotisations,0.860121,haute
2030,agirc_arrco,impots_et_taxes,0.065839,haute
2030,agirc_arrco,subventions_equilibre,0.000000,haute
2030,agirc_arrco,transferts,0.045226,haute
2030,banque_de_france,autres_produits,0.474182,haute
2030,banque_de_france,besoin_de_financement,0.000000,haute
2030,banque_de_france,compensation_demographique,0.022159,haute
2030,banque_de_france,contribution_equilibre_etat,0.468624,haute
2030,banque_de_france,cotisations,0.034953,haute
2030,banque_de_france,impots_et_taxes,0.000000,haute
2030,banque_de_france,transferts,0.000000,haute
2030,canssm,autres_produits,0.007083,haute
2030,canssm,besoin_de_financement,0.000000,haute
2030,canssm,compensation_demographique,0.182262,haute
2030,canssm,cotisations,0.003873,haute
2030,canssm,impots_et_taxes,0.004329,haute
2030,canssm,subventions_equilibre,0.802273,haute
2030,canssm,transferts,0.000000,haute
2030,cnav,autres_produits,-0.001088,haute
2030,cnav,besoin_de_financement,0.060270,haute
2030,cnav,compensation_demographique,0.000000,haute
2030,cnav,cotisations,0.637245,haute
2030,cnav,impots_et_taxes,0.149545,haute
2030,cnav,subventions_equilibre,0.000000,haute
2030,cnav,transferts,0.154028,haute
2030,cnavpl,autres_produits,0.043205,haute
2030,cnavpl,besoin_de_financement,0.000000,haute
2030,cnavpl,compensation_demographique,0.141561,haute
2030,cnavpl,cotisations,0.752487,haute
2030,cnavpl,impots_et_taxes,0.014516,haute
2030,cnavpl,subventions_equilibre,0.000000,haute
2030,cnavpl,transferts,0.047509,haute
2030,cnavpl_complementaire,autres_produits,0.165266,haute
2030,cnavpl_complementaire,besoin_de_financement,0.000000,haute
2030,cnavpl_complementaire,compensation_demographique,0.000000,haute
2030,cnavpl_complementaire,cotisations,0.834734,haute
2030,cnavpl_complementaire,impots_et_taxes,0.000000,haute
2030,cnavpl_complementaire,subventions_equilibre,0.000000,haute
2030,cnavpl_complementaire,transferts,0.000000,haute
2030,cnbf,autres_produits,0.108523,haute
2030,cnbf,besoin_de_financement,0.000000,haute
2030,cnbf,compensation_demographique,0.000000,haute
2030,cnbf,cotisations,0.751157,haute
2030,cnbf,impots_et_taxes,0.140320,haute
2030,cnbf,subventions_equilibre,0.000000,haute
2030,cnbf,transferts,0.000000,haute
2030,cnieg,autres_produits,0.000000,haute
2030,cnieg,besoin_de_financement,0.000000,haute
2030,cnieg,compensation_demographique,0.006477,haute
2030,cnieg,cotisations,0.362951,haute
2030,cnieg,impots_et_taxes,0.181281,haute
2030,cnieg,subventions_equilibre,0.000000,haute
2030,cnieg,transferts,0.449291,haute
2030,cnracl,autres_produits,0.000223,haute
2030,cnracl,besoin_de_financement,0.289136,haute
2030,cnracl,compensation_demographique,0.000412,haute
2030,cnracl,cotisations,0.672481,haute
2030,cnracl,impots_et_taxes,0.000000,haute
2030,cnracl,subventions_equilibre,0.000000,haute
2030,cnracl,transferts,0.020286,haute
2030,crpcen,autres_produits,0.103622,haute
2030,crpcen,besoin_de_financement,0.000000,haute
2030,crpcen,compensation_demographique,0.074298,haute
2030,crpcen,cotisations,0.821959,haute
2030,crpcen,impots_et_taxes,0.000000,haute
2030,crpcen,subventions_equilibre,0.000000,haute
2030,crpcen,transferts,0.000121,haute
2030,crpnpac,autres_produits,0.173187,haute
2030,crpnpac,besoin_de_financement,0.129458,haute
2030,crpnpac,compensation_demographique,0.000000,haute
2030,crpnpac,cotisations,0.697354,haute
2030,crpnpac,impots_et_taxes,0.000000,haute
2030,crpnpac,subventions_equilibre,0.000000,haute
2030,crpnpac,transferts,0.000000,haute
2030,enim,autres_produits,0.011550,haute
2030,enim,besoin_de_financement,0.000000,haute
2030,enim,compensation_demographique,0.066235,haute
2030,enim,cotisations,0.141384,haute
2030,enim,impots_et_taxes,0.043702,haute
2030,enim,subventions_equilibre,0.736887,haute
2030,enim,transferts,0.003020,haute
2030,erafp,autres_produits,0.452709,haute
2030,erafp,besoin_de_financement,0.000000,haute
2030,erafp,compensation_demographique,0.000000,haute
2030,erafp,cotisations,0.547291,haute
2030,erafp,impots_et_taxes,0.000000,haute
2030,erafp,subventions_equilibre,0.000000,haute
2030,erafp,transferts,0.000000,haute
2030,fonction_publique_etat,autres_produits,0.000545,haute
2030,fonction_publique_etat,besoin_de_financement,0.000000,haute
2030,fonction_publique_etat,compensation_demographique,0.019730,haute
2030,fonction_publique_etat,contribution_equilibre_etat,0.867785,haute
2030,fonction_publique_etat,cotisations,0.108049,haute
2030,fonction_publique_etat,impots_et_taxes,0.000000,haute
2030,fonction_publique_etat,subventions_equilibre,0.000000,haute
2030,fonction_publique_etat,transferts,0.003891,haute
2030,fspoeie,autres_produits,0.000052,haute
2030,fspoeie,besoin_de_financement,0.000000,haute
2030,fspoeie,compensation_demographique,0.055704,haute
2030,fspoeie,cotisations,0.119643,haute
2030,fspoeie,impots_et_taxes,0.000000,haute
2030,fspoeie,subventions_equilibre,0.818372,haute
2030,fspoeie,transferts,0.000134,haute
2030,ircantec,autres_produits,0.115282,haute
2030,ircantec,besoin_de_financement,0.000000,haute
2030,ircantec,compensation_demographique,0.000000,haute
2030,ircantec,cotisations,0.817267,haute
2030,ircantec,impots_et_taxes,0.000000,haute
2030,ircantec,subventions_equilibre,0.000000,haute
2030,ircantec,transferts,0.062895,haute
2030,msa_exploitants,autres_produits,0.044870,haute
2030,msa_exploitants,besoin_de_financement,0.000000,haute
2030,msa_exploitants,compensation_demographique,0.333103,haute
2030,msa_exploitants,cotisations,0.189305,haute
2030,msa_exploitants,impots_et_taxes,0.428442,haute
2030,msa_exploitants,subventions_equilibre,0.000000,haute
2030,msa_exploitants,transferts,0.004280,haute
2030,msa_exploitants_complementaire,autres_produits,0.100194,haute
2030,msa_exploitants_complementaire,besoin_de_financement,0.000000,haute
2030,msa_exploitants_complementaire,compensation_demographique,0.000000,haute
2030,msa_exploitants_complementaire,cotisations,0.371905,haute
2030,msa_exploitants_complementaire,impots_et_taxes,0.527901,haute
2030,msa_exploitants_complementaire,subventions_equilibre,0.000000,haute
2030,msa_exploitants_complementaire,transferts,0.000000,haute
2030,msa_salaries,autres_produits,0.029627,haute
2030,msa_salaries,besoin_de_financement,0.000000,haute
2030,msa_salaries,compensation_demographique,0.280037,haute
2030,msa_salaries,cotisations,0.394122,haute
2030,msa_salaries,impots_et_taxes,0.038737,haute
2030,msa_salaries,subventions_equilibre,0.000000,haute
2030,msa_salaries,transferts,0.257477,haute
2030,ratp,autres_produits,0.003467,haute
2030,ratp,besoin_de_financement,0.000000,haute
2030,ratp,compensation_demographique,0.000000,haute
2030,ratp,cotisations,0.204364,haute
2030,ratp,impots_et_taxes,0.000000,haute
2030,ratp,subventions_equilibre,0.786921,haute
2030,ratp,transferts,0.000000,haute
2030,rci_complementaire,autres_produits,0.214570,haute
2030,rci_complementaire,besoin_de_financement,0.000000,haute
2030,rci_complementaire,compensation_demographique,0.000000,haute
2030,rci_complementaire,cotisations,0.785430,haute
2030,rci_complementaire,impots_et_taxes,0.000000,haute
2030,rci_complementaire,subventions_equilibre,0.000000,haute
2030,rci_complementaire,transferts,0.000000,haute
2030,sncf,autres_produits,0.005694,haute
2030,sncf,besoin_de_financement,0.000000,haute
2030,sncf,compensation_demographique,0.026949,haute
2030,sncf,cotisations,0.295879,haute
2030,sncf,impots_et_taxes,0.000000,haute
2030,sncf,subventions_equilibre,0.669311,haute
2030,sncf,transferts,0.000045,haute
2040,agirc_arrco,autres_produits,0.033486,haute
2040,agirc_arrco,besoin_de_financement,0.000000,haute
2040,agirc_arrco,compensation_demographique,0.000000,haute
2040,agirc_arrco,cotisations,0.860206,haute
2040,agirc_arrco,impots_et_taxes,0.066563,haute
2040,agirc_arrco,subventions_equilibre,0.000000,haute
2040,agirc_arrco,transferts,0.039746,haute
2040,banque_de_france,autres_produits,0.485797,haute
2040,banque_de_france,besoin_de_financement,0.000000,haute
2040,banque_de_france,compensation_demographique,0.023847,haute
2040,banque_de_france,contribution_equilibre_etat,0.456390,haute
2040,banque_de_france,cotisations,0.034040,haute
2040,banque_de_france,impots_et_taxes,0.000000,haute
2040,banque_de_france,transferts,0.000000,haute
2040,canssm,autres_produits,0.007100,haute
2040,canssm,besoin_de_financement,0.000000,haute
2040,canssm,compensation_demographique,0.161989,haute
2040,canssm,cotisations,0.001444,haute
2040,canssm,impots_et_taxes,0.004342,haute
2040,canssm,subventions_equilibre,0.824994,haute
2040,canssm,transferts,0.000000,haute
2040,cnav,autres_produits,-0.000161,haute
2040,cnav,besoin_de_financement,0.106968,haute
2040,cnav,compensation_demographique,0.000000,haute
2040,cnav,cotisations,0.609299,haute
2040,cnav,impots_et_taxes,0.141598,haute
2040,cnav,subventions_equilibre,0.000000,haute
2040,cnav,transferts,0.142296,haute
2040,cnavpl,autres_produits,0.072166,haute
2040,cnavpl,besoin_de_financement,0.000000,haute
2040,cnavpl,compensation_demographique,0.258817,haute
2040,cnavpl,cotisations,0.602482,haute
2040,cnavpl,impots_et_taxes,0.011623,haute
2040,cnavpl,subventions_equilibre,0.000000,haute
2040,cnavpl,transferts,0.054571,haute
2040,cnavpl_complementaire,autres_produits,0.129513,haute
2040,cnavpl_complementaire,besoin_de_financement,0.000000,haute
2040,cnavpl_complementaire,compensation_demographique,0.000000,haute
2040,cnavpl_complementaire,cotisations,0.870487,haute
2040,cnavpl_complementaire,impots_et_taxes,0.000000,haute
2040,cnavpl_complementaire,subventions_equilibre,0.000000,haute
2040,cnavpl_complementaire,transferts,0.000000,haute
2040,cnbf,autres_produits,0.049173,haute
2040,cnbf,besoin_de_financement,0.210196,haute
2040,cnbf,compensation_demographique,0.000000,haute
2040,cnbf,cotisations,0.586237,haute
2040,cnbf,impots_et_taxes,0.154394,haute
2040,cnbf,subventions_equilibre,0.000000,haute
2040,cnbf,transferts,0.000000,haute
2040,cnieg,autres_produits,0.000000,haute
2040,cnieg,besoin_de_financement,0.000000,haute
2040,cnieg,compensation_demographique,0.014562,haute
2040,cnieg,cotisations,0.343650,haute
2040,cnieg,impots_et_taxes,0.124852,haute
2040,cnieg,subventions_equilibre,0.000000,haute
2040,cnieg,transferts,0.516936,haute
2040,cnracl,autres_produits,0.000180,haute
2040,cnracl,besoin_de_financement,0.375178,haute
2040,cnracl,compensation_demographique,0.019771,haute
2040,cnracl,cotisations,0.584260,haute
2040,cnracl,impots_et_taxes,0.000000,haute
2040,cnracl,subventions_equilibre,0.000000,haute
2040,cnracl,transferts,0.016969,haute
2040,crpcen,autres_produits,0.074250,haute
2040,crpcen,besoin_de_financement,0.192522,haute
2040,crpcen,compensation_demographique,0.116665,haute
2040,crpcen,cotisations,0.616438,haute
2040,crpcen,impots_et_taxes,0.000000,haute
2040,crpcen,subventions_equilibre,0.000000,haute
2040,crpcen,transferts,0.000126,haute
2040,crpnpac,autres_produits,0.096198,haute
2040,crpnpac,besoin_de_financement,0.104535,haute
2040,crpnpac,compensation_demographique,0.000000,haute
2040,crpnpac,cotisations,0.799266,haute
2040,crpnpac,impots_et_taxes,0.000000,haute
2040,crpnpac,subventions_equilibre,0.000000,haute
2040,crpnpac,transferts,0.000000,haute
2040,enim,autres_produits,0.013475,haute
2040,enim,besoin_de_financement,0.000000,haute
2040,enim,compensation_demographique,0.057264,haute
2040,enim,cotisations,0.169868,haute
2040,enim,impots_et_taxes,0.052918,haute
2040,enim,subventions_equilibre,0.705680,haute
2040,enim,transferts,0.002829,haute
2040,erafp,autres_produits,0.634539,haute
2040,erafp,besoin_de_financement,0.000000,haute
2040,erafp,compensation_demographique,0.000000,haute
2040,erafp,cotisations,0.365461,haute
2040,erafp,impots_et_taxes,0.000000,haute
2040,erafp,subventions_equilibre,0.000000,haute
2040,erafp,transferts,0.000000,haute
2040,fonction_publique_etat,autres_produits,0.000587,haute
2040,fonction_publique_etat,besoin_de_financement,0.000000,haute
2040,fonction_publique_etat,compensation_demographique,0.020321,haute
2040,fonction_publique_etat,contribution_equilibre_etat,0.855478,haute
2040,fonction_publique_etat,cotisations,0.122404,haute
2040,fonction_publique_etat,impots_et_taxes,0.000000,haute
2040,fonction_publique_etat,subventions_equilibre,0.000000,haute
2040,fonction_publique_etat,transferts,0.001211,haute
2040,fspoeie,autres_produits,0.000000,haute
2040,fspoeie,besoin_de_financement,0.000000,haute
2040,fspoeie,compensation_demographique,0.073313,haute
2040,fspoeie,cotisations,0.070208,haute
2040,fspoeie,impots_et_taxes,0.000000,haute
2040,fspoeie,subventions_equilibre,0.852627,haute
2040,fspoeie,transferts,0.000000,haute
2040,ircantec,autres_produits,0.084054,haute
2040,ircantec,besoin_de_financement,0.063212,haute
2040,ircantec,compensation_demographique,0.000000,haute
2040,ircantec,cotisations,0.770547,haute
2040,ircantec,impots_et_taxes,0.000000,haute
2040,ircantec,subventions_equilibre,0.000000,haute
2040,ircantec,transferts,0.074234,haute
2040,msa_exploitants,autres_produits,0.042979,haute
2040,msa_exploitants,besoin_de_financement,0.000000,haute
2040,msa_exploitants,compensation_demographique,0.253210,haute
2040,msa_exploitants,cotisations,0.210963,haute
2040,msa_exploitants,impots_et_taxes,0.489097,haute
2040,msa_exploitants,subventions_equilibre,0.000000,haute
2040,msa_exploitants,transferts,0.003751,haute
2040,msa_exploitants_complementaire,autres_produits,0.103660,haute
2040,msa_exploitants_complementaire,besoin_de_financement,0.000000,haute
2040,msa_exploitants_complementaire,compensation_demographique,0.000000,haute
2040,msa_exploitants_complementaire,cotisations,0.365209,haute
2040,msa_exploitants_complementaire,impots_et_taxes,0.531131,haute
2040,msa_exploitants_complementaire,subventions_equilibre,0.000000,haute
2040,msa_exploitants_complementaire,transferts,0.000000,haute
2040,msa_salaries,autres_produits,0.025024,haute
2040,msa_salaries,besoin_de_financement,0.000000,haute
2040,msa_salaries,compensation_demographique,0.173925,haute
2040,msa_salaries,cotisations,0.311799,haute
2040,msa_salaries,impots_et_taxes,0.031589,haute
2040,msa_salaries,subventions_equilibre,0.000000,haute
2040,msa_salaries,transferts,0.457663,haute
2040,ratp,autres_produits,0.002835,haute
2040,ratp,besoin_de_financement,0.000000,haute
2040,ratp,compensation_demographique,0.000000,haute
2040,ratp,cotisations,0.131056,haute
2040,ratp,impots_et_taxes,0.000000,haute
2040,ratp,subventions_equilibre,0.859215,haute
2040,ratp,transferts,0.000000,haute
2040,rci_complementaire,autres_produits,0.194512,haute
2040,rci_complementaire,besoin_de_financement,0.030093,haute
2040,rci_complementaire,compensation_demographique,0.000000,haute
2040,rci_complementaire,cotisations,0.775395,haute
2040,rci_complementaire,impots_et_taxes,0.000000,haute
2040,rci_complementaire,subventions_equilibre,0.000000,haute
2040,rci_complementaire,transferts,0.000000,haute
2040,sncf,autres_produits,0.003957,haute
2040,sncf,besoin_de_financement,0.000000,haute
2040,sncf,compensation_demographique,0.034102,haute
2040,sncf,cotisations,0.196328,haute
2040,sncf,impots_et_taxes,0.000000,haute
2040,sncf,subventions_equilibre,0.754801,haute
2040,sncf,transferts,0.000031,haute
2050,agirc_arrco,autres_produits,0.047295,haute
2050,agirc_arrco,besoin_de_financement,0.000000,haute
2050,agirc_arrco,compensation_demographique,0.000000,haute
2050,agirc_arrco,cotisations,0.848771,haute
2050,agirc_arrco,impots_et_taxes,0.068718,haute
2050,agirc_arrco,subventions_equilibre,0.000000,haute
2050,agirc_arrco,transferts,0.035217,haute
2050,banque_de_france,autres_produits,0.538730,haute
2050,banque_de_france,besoin_de_financement,0.000000,haute
2050,banque_de_france,compensation_demographique,0.021139,haute
2050,banque_de_france,contribution_equilibre_etat,0.409886,haute
2050,banque_de_france,cotisations,0.030572,haute
2050,banque_de_france,impots_et_taxes,0.000000,haute
2050,banque_de_france,transferts,0.000000,haute
2050,canssm,autres_produits,0.007272,haute
2050,canssm,besoin_de_financement,0.000000,haute
2050,canssm,compensation_demographique,0.130188,haute
2050,canssm,cotisations,0.000365,haute
2050,canssm,impots_et_taxes,0.004349,haute
2050,canssm,subventions_equilibre,0.857708,haute
2050,canssm,transferts,0.000000,haute
2050,cnav,autres_produits,0.003937,haute
2050,cnav,besoin_de_financement,0.145531,haute
2050,cnav,compensation_demographique,0.000000,haute
2050,cnav,cotisations,0.583242,haute
2050,cnav,impots_et_taxes,0.135000,haute
2050,cnav,subventions_equilibre,0.000000,haute
2050,cnav,transferts,0.132290,haute
2050,cnavpl,autres_produits,0.112850,haute
2050,cnavpl,besoin_de_financement,0.000000,haute
2050,cnavpl,compensation_demographique,0.305387,haute
2050,cnavpl,cotisations,0.513977,haute
2050,cnavpl,impots_et_taxes,0.009915,haute
2050,cnavpl,subventions_equilibre,0.000000,haute
2050,cnavpl,transferts,0.057782,haute
2050,cnavpl_complementaire,autres_produits,0.130088,haute
2050,cnavpl_complementaire,besoin_de_financement,0.000000,haute
2050,cnavpl_complementaire,compensation_demographique,0.000000,haute
2050,cnavpl_complementaire,cotisations,0.869912,haute
2050,cnavpl_complementaire,impots_et_taxes,0.000000,haute
2050,cnavpl_complementaire,subventions_equilibre,0.000000,haute
2050,cnavpl_complementaire,transferts,0.000000,haute
2050,cnbf,autres_produits,0.000000,haute
2050,cnbf,besoin_de_financement,0.476153,haute
2050,cnbf,compensation_demographique,0.000000,haute
2050,cnbf,cotisations,0.376382,haute
2050,cnbf,impots_et_taxes,0.147464,haute
2050,cnbf,subventions_equilibre,0.000000,haute
2050,cnbf,transferts,0.000000,haute
2050,cnieg,autres_produits,0.000000,haute
2050,cnieg,besoin_de_financement,0.000000,haute
2050,cnieg,compensation_demographique,0.025881,haute
2050,cnieg,cotisations,0.297646,haute
2050,cnieg,impots_et_taxes,0.087666,haute
2050,cnieg,subventions_equilibre,0.000000,haute
2050,cnieg,transferts,0.588807,haute
2050,cnracl,autres_produits,0.000154,haute
2050,cnracl,besoin_de_financement,0.421385,haute
2050,cnracl,compensation_demographique,0.021853,haute
2050,cnracl,cotisations,0.544995,haute
2050,cnracl,impots_et_taxes,0.000000,haute
2050,cnracl,subventions_equilibre,0.000000,haute
2050,cnracl,transferts,0.008695,haute
2050,crpcen,autres_produits,0.014957,haute
2050,crpcen,besoin_de_financement,0.357160,haute
2050,crpcen,compensation_demographique,0.140495,haute
2050,crpcen,cotisations,0.487256,haute
2050,crpcen,impots_et_taxes,0.000000,haute
2050,crpcen,subventions_equilibre,0.000000,haute
2050,crpcen,transferts,0.000134,haute
2050,crpnpac,autres_produits,0.083550,haute
2050,crpnpac,besoin_de_financement,0.000000,haute
2050,crpnpac,compensation_demographique,0.000000,haute
2050,crpnpac,cotisations,0.916450,haute
2050,crpnpac,impots_et_taxes,0.000000,haute
2050,crpnpac,subventions_equilibre,0.000000,haute
2050,crpnpac,transferts,0.000000,haute
2050,enim,autres_produits,0.014901,haute
2050,enim,besoin_de_financement,0.000000,haute
2050,enim,compensation_demographique,0.048372,haute
2050,enim,cotisations,0.186858,haute
2050,enim,impots_et_taxes,0.058306,haute
2050,enim,subventions_equilibre,0.691049,haute
2050,enim,transferts,0.002446,haute
2050,erafp,autres_produits,0.735028,haute
2050,erafp,besoin_de_financement,0.000000,haute
2050,erafp,compensation_demographique,0.000000,haute
2050,erafp,cotisations,0.264972,haute
2050,erafp,impots_et_taxes,0.000000,haute
2050,erafp,subventions_equilibre,0.000000,haute
2050,erafp,transferts,0.000000,haute
2050,fonction_publique_etat,autres_produits,0.000653,haute
2050,fonction_publique_etat,besoin_de_financement,0.000000,haute
2050,fonction_publique_etat,compensation_demographique,0.015879,haute
2050,fonction_publique_etat,contribution_equilibre_etat,0.833585,haute
2050,fonction_publique_etat,cotisations,0.148942,haute
2050,fonction_publique_etat,impots_et_taxes,0.000000,haute
2050,fonction_publique_etat,subventions_equilibre,0.000000,haute
2050,fonction_publique_etat,transferts,0.000942,haute
2050,fspoeie,autres_produits,0.000000,haute
2050,fspoeie,besoin_de_financement,0.000000,haute
2050,fspoeie,compensation_demographique,0.090767,haute
2050,fspoeie,cotisations,0.049381,haute
2050,fspoeie,impots_et_taxes,0.000000,haute
2050,fspoeie,subventions_equilibre,0.858291,haute
2050,fspoeie,transferts,0.000000,haute
2050,ircantec,autres_produits,0.033285,haute
2050,ircantec,besoin_de_financement,0.191788,haute
2050,ircantec,compensation_demographique,0.000000,haute
2050,ircantec,cotisations,0.709056,haute
2050,ircantec,impots_et_taxes,0.000000,haute
2050,ircantec,subventions_equilibre,0.000000,haute
2050,ircantec,transferts,0.059165,haute
2050,msa_exploitants,autres_produits,0.042674,haute
2050,msa_exploitants,besoin_de_financement,0.000000,haute
2050,msa_exploitants,compensation_demographique,0.176545,haute
2050,msa_exploitants,cotisations,0.237078,haute
2050,msa_exploitants,impots_et_taxes,0.540495,haute
2050,msa_exploitants,subventions_equilibre,0.000000,haute
2050,msa_exploitants,transferts,0.003208,haute
2050,msa_exploitants_complementaire,autres_produits,0.141247,haute
2050,msa_exploitants_complementaire,besoin_de_financement,0.000000,haute
2050,msa_exploitants_complementaire,compensation_demographique,0.000000,haute
2050,msa_exploitants_complementaire,cotisations,0.353385,haute
2050,msa_exploitants_complementaire,impots_et_taxes,0.505368,haute
2050,msa_exploitants_complementaire,subventions_equilibre,0.000000,haute
2050,msa_exploitants_complementaire,transferts,0.000000,haute
2050,msa_salaries,autres_produits,0.022392,haute
2050,msa_salaries,besoin_de_financement,0.000000,haute
2050,msa_salaries,compensation_demographique,0.109597,haute
2050,msa_salaries,cotisations,0.267511,haute
2050,msa_salaries,impots_et_taxes,0.028081,haute
2050,msa_salaries,subventions_equilibre,0.000000,haute
2050,msa_salaries,transferts,0.572419,haute
2050,ratp,autres_produits,0.002540,haute
2050,ratp,besoin_de_financement,0.000000,haute
2050,ratp,compensation_demographique,0.003948,haute
2050,ratp,cotisations,0.070375,haute
2050,ratp,impots_et_taxes,0.000000,haute
2050,ratp,subventions_equilibre,0.916475,haute
2050,ratp,transferts,0.000000,haute
2050,rci_complementaire,autres_produits,0.153076,haute
2050,rci_complementaire,besoin_de_financement,0.128418,haute
2050,rci_complementaire,compensation_demographique,0.000000,haute
2050,rci_complementaire,cotisations,0.718506,haute
2050,rci_complementaire,impots_et_taxes,0.000000,haute
2050,rci_complementaire,subventions_equilibre,0.000000,haute
2050,rci_complementaire,transferts,0.000000,haute
2050,sncf,autres_produits,0.001824,haute
2050,sncf,besoin_de_financement,0.000000,haute
2050,sncf,compensation_demographique,0.044550,haute
2050,sncf,cotisations,0.083151,haute
2050,sncf,impots_et_taxes,0.000000,haute
2050,sncf,subventions_equilibre,0.858141,haute
2050,sncf,transferts,0.000014,haute
2070,agirc_arrco,autres_produits,0.105051,haute
2070,agirc_arrco,besoin_de_financement,0.000000,haute
2070,agirc_arrco,compensation_demographique,0.000000,haute
2070,agirc_arrco,cotisations,0.801172,haute
2070,agirc_arrco,impots_et_taxes,0.065495,haute
2070,agirc_arrco,subventions_equilibre,0.000000,haute
2070,agirc_arrco,transferts,0.028282,haute
2070,banque_de_france,autres_produits,0.687324,haute
2070,banque_de_france,besoin_de_financement,0.000000,haute
2070,banque_de_france,compensation_demographique,0.009554,haute
2070,banque_de_france,contribution_equilibre_etat,0.282456,haute
2070,banque_de_france,cotisations,0.021067,haute
2070,banque_de_france,impots_et_taxes,0.000000,haute
2070,banque_de_france,transferts,0.000000,haute
2070,canssm,autres_produits,0.008292,haute
2070,canssm,besoin_de_financement,0.000000,haute
2070,canssm,compensation_demographique,0.068997,haute
2070,canssm,cotisations,0.000000,haute
2070,canssm,impots_et_taxes,0.004360,haute
2070,canssm,subventions_equilibre,0.918351,haute
2070,canssm,transferts,0.000000,haute
2070,cnav,autres_produits,0.011540,haute
2070,cnav,besoin_de_financement,0.192542,haute
2070,cnav,compensation_demographique,0.000000,haute
2070,cnav,cotisations,0.551158,haute
2070,cnav,impots_et_taxes,0.126899,haute
2070,cnav,subventions_equilibre,0.000000,haute
2070,cnav,transferts,0.117862,haute
2070,cnavpl,autres_produits,0.223068,haute
2070,cnavpl,besoin_de_financement,0.000000,haute
2070,cnavpl,compensation_demographique,0.328592,haute
2070,cnavpl,cotisations,0.387050,haute
2070,cnavpl,impots_et_taxes,0.007467,haute
2070,cnavpl,subventions_equilibre,0.000000,haute
2070,cnavpl,transferts,0.053837,haute
2070,cnavpl_complementaire,autres_produits,0.181893,haute
2070,cnavpl_complementaire,besoin_de_financement,0.000000,haute
2070,cnavpl_complementaire,compensation_demographique,0.000000,haute
2070,cnavpl_complementaire,cotisations,0.818107,haute
2070,cnavpl_complementaire,impots_et_taxes,0.000000,haute
2070,cnavpl_complementaire,subventions_equilibre,0.000000,haute
2070,cnavpl_complementaire,transferts,0.000000,haute
2070,cnbf,autres_produits,0.000000,haute
2070,cnbf,besoin_de_financement,0.576395,haute
2070,cnbf,compensation_demographique,0.000000,haute
2070,cnbf,cotisations,0.287951,haute
2070,cnbf,impots_et_taxes,0.135654,haute
2070,cnbf,subventions_equilibre,0.000000,haute
2070,cnbf,transferts,0.000000,haute
2070,cnieg,autres_produits,0.000000,haute
2070,cnieg,besoin_de_financement,0.000000,haute
2070,cnieg,compensation_demographique,0.047207,haute
2070,cnieg,cotisations,0.165831,haute
2070,cnieg,impots_et_taxes,0.012625,haute
2070,cnieg,subventions_equilibre,0.000000,haute
2070,cnieg,transferts,0.774337,haute
2070,cnracl,autres_produits,0.000118,haute
2070,cnracl,besoin_de_financement,0.486139,haute
2070,cnracl,compensation_demographique,0.013193,haute
2070,cnracl,cotisations,0.499074,haute
2070,cnracl,impots_et_taxes,0.000000,haute
2070,cnracl,subventions_equilibre,0.000000,haute
2070,cnracl,transferts,0.000502,haute
2070,crpcen,autres_produits,0.019721,haute
2070,crpcen,besoin_de_financement,0.183139,haute
2070,crpcen,compensation_demographique,0.177677,haute
2070,crpcen,cotisations,0.619330,haute
2070,crpcen,impots_et_taxes,0.000000,haute
2070,crpcen,subventions_equilibre,0.000000,haute
2070,crpcen,transferts,0.000133,haute
2070,crpnpac,autres_produits,0.177302,haute
2070,crpnpac,besoin_de_financement,0.000000,haute
2070,crpnpac,compensation_demographique,0.000000,haute
2070,crpnpac,cotisations,0.822698,haute
2070,crpnpac,impots_et_taxes,0.000000,haute
2070,crpnpac,subventions_equilibre,0.000000,haute
2070,crpnpac,transferts,0.000000,haute
2070,enim,autres_produits,0.015692,haute
2070,enim,besoin_de_financement,0.000000,haute
2070,enim,compensation_demographique,0.036500,haute
2070,enim,cotisations,0.211784,haute
2070,enim,impots_et_taxes,0.066743,haute
2070,enim,subventions_equilibre,0.667502,haute
2070,enim,transferts,0.001882,haute
2070,erafp,autres_produits,0.807256,haute
2070,erafp,besoin_de_financement,0.000000,haute
2070,erafp,compensation_demographique,0.000000,haute
2070,erafp,cotisations,0.192744,haute
2070,erafp,impots_et_taxes,0.000000,haute
2070,erafp,subventions_equilibre,0.000000,haute
2070,erafp,transferts,0.000000,haute
2070,fonction_publique_etat,autres_produits,0.000642,haute
2070,fonction_publique_etat,besoin_de_financement,0.000000,haute
2070,fonction_publique_etat,compensation_demographique,0.011375,haute
2070,fonction_publique_etat,contribution_equilibre_etat,0.812737,haute
2070,fonction_publique_etat,cotisations,0.174155,haute
2070,fonction_publique_etat,impots_et_taxes,0.000000,haute
2070,fonction_publique_etat,subventions_equilibre,0.000000,haute
2070,fonction_publique_etat,transferts,0.001092,haute
2070,fspoeie,autres_produits,0.000000,haute
2070,fspoeie,besoin_de_financement,0.000000,haute
2070,fspoeie,compensation_demographique,0.139594,haute
2070,fspoeie,cotisations,0.007619,haute
2070,fspoeie,impots_et_taxes,0.000000,haute
2070,fspoeie,subventions_equilibre,0.850758,haute
2070,fspoeie,transferts,0.000000,haute
2070,ircantec,autres_produits,0.007192,haute
2070,ircantec,besoin_de_financement,0.355411,haute
2070,ircantec,compensation_demographique,0.000000,haute
2070,ircantec,cotisations,0.616214,haute
2070,ircantec,impots_et_taxes,0.000000,haute
2070,ircantec,subventions_equilibre,0.000000,haute
2070,ircantec,transferts,0.019784,haute
2070,msa_exploitants,autres_produits,0.040418,haute
2070,msa_exploitants,besoin_de_financement,0.000000,haute
2070,msa_exploitants,compensation_demographique,0.080558,haute
2070,msa_exploitants,cotisations,0.271505,haute
2070,msa_exploitants,impots_et_taxes,0.605391,haute
2070,msa_exploitants,subventions_equilibre,0.000000,haute
2070,msa_exploitants,transferts,0.002128,haute
2070,msa_exploitants_complementaire,autres_produits,0.280702,haute
2070,msa_exploitants_complementaire,besoin_de_financement,0.000000,haute
2070,msa_exploitants_complementaire,compensation_demographique,0.000000,haute
2070,msa_exploitants_complementaire,cotisations,0.299888,haute
2070,msa_exploitants_complementaire,impots_et_taxes,0.419410,haute
2070,msa_exploitants_complementaire,subventions_equilibre,0.000000,haute
2070,msa_exploitants_complementaire,transferts,0.000000,haute
2070,msa_salaries,autres_produits,0.020952,haute
2070,msa_salaries,besoin_de_financement,0.000000,haute
2070,msa_salaries,compensation_demographique,0.089215,haute
2070,msa_salaries,cotisations,0.249545,haute
2070,msa_salaries,impots_et_taxes,0.028580,haute
2070,msa_salaries,subventions_equilibre,0.000000,haute
2070,msa_salaries,transferts,0.611709,haute
2070,ratp,autres_produits,0.002969,haute
2070,ratp,besoin_de_financement,0.000000,haute
2070,ratp,compensation_demographique,0.073444,haute
2070,ratp,cotisations,0.000049,haute
2070,ratp,impots_et_taxes,0.000000,haute
2070,ratp,subventions_equilibre,0.923474,haute
2070,ratp,transferts,0.000000,haute
2070,rci_complementaire,autres_produits,0.061765,haute
2070,rci_complementaire,besoin_de_financement,0.232961,haute
2070,rci_complementaire,compensation_demographique,0.000000,haute
2070,rci_complementaire,cotisations,0.705274,haute
2070,rci_complementaire,impots_et_taxes,0.000000,haute
2070,rci_complementaire,subventions_equilibre,0.000000,haute
2070,rci_complementaire,transferts,0.000000,haute
2070,sncf,autres_produits,0.000000,haute
2070,sncf,besoin_de_financement,0.000000,haute
2070,sncf,compensation_demographique,0.054719,haute
2070,sncf,cotisations,0.000000,haute
2070,sncf,impots_et_taxes,0.000000,haute
2070,sncf,subventions_equilibre,0.945281,haute
2070,sncf,transferts,0.000000,haute
